batter_id,batter_trackman_id,exact_game_count,row_count,second_tm_id,second_exact_games,margin,ratio,left_consistency,right_consistency,hand_match_rate,n_candidates,mapping_confidence,mapping_confidence_bucket,mapping_selected_loose,mapping_selected_medium,mapping_selected_strict
23420,76290,528,8486,,0,528,528.0,1.0,1.0,1.0,1,6.270988431858299,very_high,True,True,True
22660,62415,512,8419,,0,512,512.0,1.0,1.0,1.0,1,6.240275845170769,very_high,True,True,True
22103,79109,489,7939,,0,489,489.0,1.0,1.0,1.0,1,6.194405391104672,very_high,True,True,True
22013,78224,480,7469,,0,480,480.0,1.0,1.0,1.0,1,6.175867270105761,very_high,True,True,True
22066,77532,465,7587,,0,465,465.0,1.0,1.0,1.0,1,6.144185634125646,very_high,True,True,True
22102,79192,465,7204,,0,465,465.0,1.0,1.0,1.0,1,6.144185634125646,very_high,True,True,True
22816,66108,455,8129,,0,455,455.0,1.0,1.0,1.0,1,6.1224928095143865,very_high,True,True,True
22130,79231,450,7240,,0,450,450.0,1.0,1.0,1.0,1,6.111467339502679,very_high,True,True,True
21992,78513,443,6852,,0,443,443.0,1.0,1.0,1.0,1,6.095824562432225,very_high,True,True,True
21818,76232,441,6617,,0,441,441.0,1.0,1.0,1.0,1,6.091309882077698,very_high,True,True,True
23281,67304,441,7214,,0,441,441.0,1.0,1.0,1.0,1,6.091309882077698,very_high,True,True,True
21696,75847,436,7266,,0,436,436.0,1.0,1.0,1.0,1,6.07993319509559,very_high,True,True,True
22126,79240,435,6283,,0,435,435.0,1.0,1.0,1.0,1,6.077642243349034,very_high,True,True,True
23471,76313,429,6963,,0,429,429.0,1.0,1.0,1.0,1,6.063785208687608,very_high,True,True,True
22283,61102,426,5515,,0,426,426.0,1.0,1.0,1.0,1,6.056784013228625,very_high,True,True,True
22455,78288,423,5875,60343.0,1,422,423.0,0.9952941176470588,1.0,1.0,3,6.021264121324983,very_high,True,True,True
22410,62404,422,6961,,0,422,422.0,1.0,1.0,1.0,1,6.0473721790462776,very_high,True,True,True
21990,78548,420,5937,,0,420,420.0,1.0,1.0,1.0,1,6.042632833682381,very_high,True,True,True
22127,79215,415,6567,,0,415,415.0,1.0,1.0,1.0,1,6.030685260261263,very_high,True,True,True
21627,74540,411,5343,,0,411,411.0,1.0,1.0,1.0,1,6.021023349349527,very_high,True,True,True
22146,79365,410,5860,,0,410,410.0,1.0,1.0,1.0,1,6.018593214496234,very_high,True,True,True
23443,75125,406,6371,,0,406,406.0,1.0,1.0,1.0,1,6.008813185442595,very_high,True,True,True
22133,79402,404,6311,,0,404,404.0,1.0,1.0,1.0,1,6.003887067106539,very_high,True,True,True
21660,75334,397,5986,,0,397,397.0,1.0,0.9974874371859297,1.0,1,5.971410668587743,very_high,True,True,True
23693,69737,392,6368,,0,392,392.0,1.0,1.0,1.0,1,5.973809611869261,very_high,True,True,True
22430,62244,391,4767,,0,391,391.0,1.0,1.0,1.0,1,5.971261839790462,very_high,True,True,True
22606,62907,391,6411,,0,391,391.0,1.0,1.0,1.0,1,5.971261839790462,very_high,True,True,True
21821,76267,388,6213,,0,388,388.0,1.0,1.0,1.0,1,5.963579343618446,very_high,True,True,True
22109,79608,387,5963,,0,387,387.0,1.0,1.0,1.0,1,5.961005339623274,very_high,True,True,True
22779,64166,384,5986,,0,384,384.0,1.0,1.0,1.0,1,5.953243334287785,very_high,True,True,True
22443,62895,383,6071,,0,383,383.0,1.0,1.0,1.0,1,5.950642552587727,very_high,True,True,True
23578,68743,378,6534,,0,378,378.0,1.0,0.9973614775725593,1.0,1,5.921869882641575,very_high,True,True,True
22182,79456,375,3996,,0,375,375.0,1.0,1.0,1.0,1,5.929589143389895,very_high,True,True,True
23476,68050,375,6340,,0,375,375.0,1.0,1.0,1.0,1,5.929589143389895,very_high,True,True,True
22727,64004,366,4659,,0,366,366.0,1.0,1.0,1.0,1,5.905361848054571,very_high,True,True,True
22632,63963,360,5944,,0,360,360.0,1.0,0.997229916897507,1.0,1,5.872565277007859,very_high,True,True,True
23282,67341,355,5998,,0,355,355.0,1.0,1.0,1.0,1,5.87493073085203,very_high,True,True,True
22693,64153,352,5556,,0,352,352.0,1.0,1.0,1.0,1,5.8664680569332965,very_high,True,True,True
21834,76802,350,3920,,0,350,350.0,1.0,1.0,1.0,1,5.860786223465865,very_high,True,True,True
23901,50854,350,5628,,0,350,350.0,1.0,1.0,1.0,1,5.860786223465865,very_high,True,True,True
22605,62931,349,4909,,0,349,349.0,1.0,1.0,1.0,1,5.857933154483459,very_high,True,True,True
23639,69102,345,5389,,0,345,345.0,1.0,1.0,1.0,1,5.846438775057725,very_high,True,True,True
22269,60523,338,5017,,0,338,338.0,1.0,1.0,1.0,1,5.82600010738045,very_high,True,True,True
21737,75566,336,4983,,0,336,336.0,1.0,1.0,1.0,1,5.820082930352362,very_high,True,True,True
22725,64006,329,4752,,0,329,329.0,1.0,1.0,1.0,1,5.799092654460526,very_high,True,True,True
22500,78168,328,4958,,0,328,328.0,1.0,1.0,1.0,1,5.796057750765372,very_high,True,True,True
23687,628336,328,5088,,0,328,328.0,1.0,1.0,1.0,1,5.796057750765372,very_high,True,True,True
21616,74206,326,4253,,0,326,326.0,1.0,1.0,1.0,1,5.7899601708972535,very_high,True,True,True
22245,60558,322,3527,,0,322,322.0,1.0,1.0,1.0,1,5.777652323222656,very_high,True,True,True
21968,77564,320,4258,,0,320,320.0,1.0,1.0,1.0,1,5.771441123130016,very_high,True,True,True
23113,64868,320,4669,,0,320,320.0,1.0,0.9968847352024922,1.0,1,5.75346155576824,very_high,True,True,True
23875,50458,315,4161,64610.0,1,314,315.0,0.9968354430379747,1.0,1.0,2,5.737527839493283,very_high,True,True,True
23465,68525,313,4430,,0,313,313.0,1.0,1.0,1.0,1,5.749392985908253,very_high,True,True,True
22468,63123,311,4323,,0,311,311.0,1.0,1.0,1.0,1,5.7430031878094825,very_high,True,True,True
23319,67893,308,4813,,0,308,308.0,1.0,1.0,1.0,1,5.733341276897746,very_high,True,True,True
22736,65357,306,4605,,0,306,306.0,1.0,1.0,1.0,1,5.726847747587197,very_high,True,True,True
21398,73113,305,3871,,0,305,305.0,1.0,1.0,1.0,1,5.723585101952381,very_high,True,True,True
21996,78135,296,4163,,0,296,296.0,1.0,1.0,1.0,1,5.6937321388027,very_high,True,True,True
22315,61404,289,3837,,0,289,289.0,1.0,1.0,1.0,1,5.66988092298052,very_high,True,True,True
21170,71837,274,3202,,0,274,274.0,1.0,1.0,1.0,1,5.616771097666572,very_high,True,True,True
23318,62802,272,3201,,0,272,272.0,1.0,1.0,1.0,1,5.60947179518496,very_high,True,True,True
23040,64984,269,3270,,0,269,269.0,1.0,1.0,1.0,1,5.598421958998375,very_high,True,True,True
21831,76812,267,2976,,0,267,267.0,1.0,1.0,1.0,1,5.5909869805108565,very_high,True,True,True
23646,64646,263,4301,,0,263,263.0,1.0,1.0,1.0,1,5.575949103146316,very_high,True,True,True
21520,74163,255,4235,,0,255,255.0,1.0,1.0,1.0,1,5.545177444479562,very_high,True,True,True
24075,51907,255,3737,,0,255,255.0,1.0,1.0,1.0,1,5.545177444479562,very_high,True,True,True
22106,79150,253,2802,,0,253,253.0,1.0,1.0,1.0,1,5.537334267018537,very_high,True,True,True
22610,62947,252,4131,,0,252,252.0,1.0,1.0,1.0,1,5.53338948872752,very_high,True,True,True
22612,62934,250,3006,63963.0,1,249,250.0,0.9960159362549801,1.0,1.0,2,5.5034391824021744,very_high,True,True,True
22739,64504,249,2838,,0,249,249.0,1.0,1.0,1.0,1,5.521460917862246,very_high,True,True,True
23433,68119,248,3490,,0,248,248.0,1.0,1.0,1.0,1,5.517452896464707,very_high,True,True,True
23413,592692,247,4336,,0,247,247.0,1.0,1.0,1.0,1,5.5134287461649825,very_high,True,True,True
21286,72443,246,4303,,0,246,246.0,1.0,1.0,1.0,1,5.5093883366279774,very_high,True,True,True
22429,62234,246,3401,,0,246,246.0,1.0,1.0,1.0,1,5.5093883366279774,very_high,True,True,True
21837,76849,245,3630,68743.0,1,244,245.0,0.9959349593495935,1.0,1.0,2,5.482952139444833,very_high,True,True,True
24087,51344,242,3992,,0,242,242.0,1.0,1.0,1.0,1,5.493061443340548,very_high,True,True,True
22038,78756,241,2828,,0,241,241.0,1.0,1.0,1.0,1,5.488937726156687,very_high,True,True,True
24144,425783,241,4007,,0,241,241.0,1.0,1.0,1.0,1,5.488937726156687,very_high,True,True,True
22732,64007,239,2645,,0,239,239.0,1.0,1.0,1.0,1,5.480638923341991,very_high,True,True,True
23720,69453,238,2959,,0,238,238.0,1.0,1.0,1.0,1,5.476463551931511,very_high,True,True,True
22323,61353,235,2715,,0,235,235.0,1.0,1.0,1.0,1,5.4638318050256105,very_high,True,True,True
22379,62700,235,3131,,0,235,235.0,1.0,1.0,1.0,1,5.4638318050256105,very_high,True,True,True
22026,78603,232,3672,,0,232,232.0,1.0,1.0,1.0,1,5.4510384535657,very_high,True,True,True
22756,64468,231,2926,,0,231,231.0,1.0,1.0,1.0,1,5.44673737166631,very_high,True,True,True
24074,517369,230,3644,,0,230,230.0,1.0,1.0,1.0,1,5.442417710521793,very_high,True,True,True
22420,62556,225,2427,,0,225,225.0,1.0,1.0,1.0,1,5.420534999272286,very_high,True,True,True
21999,78122,223,2158,,0,223,223.0,1.0,1.0,1.0,1,5.4116460518550396,very_high,True,True,True
22768,63704,223,3268,,0,223,223.0,1.0,1.0,1.0,1,5.4116460518550396,very_high,True,True,True
23134,66704,223,3254,,0,223,223.0,1.0,1.0,1.0,1,5.4116460518550396,very_high,True,True,True
22839,66209,221,2050,,0,221,221.0,1.0,1.0,1.0,1,5.402677381872279,very_high,True,True,True
22287,61186,220,3159,,0,220,220.0,1.0,1.0,1.0,1,5.3981627015177525,very_high,True,True,True
22831,65207,217,2748,,0,217,217.0,1.0,1.0,1.0,1,5.384495062789089,very_high,True,True,True
22607,62925,216,2607,,0,216,216.0,1.0,1.0,1.0,1,5.37989735354046,very_high,True,True,True
23778,69995,216,3016,,0,216,216.0,1.0,1.0,1.0,1,5.37989735354046,very_high,True,True,True
23410,457449,215,3772,,0,215,215.0,1.0,1.0,1.0,1,5.375278407684165,very_high,True,True,True
22424,62558,214,2491,,0,214,214.0,1.0,1.0,1.0,1,5.3706380281276624,very_high,True,True,True
23464,65586,213,2383,,0,213,213.0,1.0,1.0,1.0,1,5.365976015021851,very_high,True,True,True
23089,66838,209,2540,,0,209,209.0,1.0,1.0,1.0,1,5.3471075307174685,very_high,True,True,True
22436,62864,207,2421,,0,207,207.0,1.0,1.0,1.0,1,5.337538079701318,very_high,True,True,True
22522,63257,203,2228,,0,203,203.0,1.0,1.0,1.0,1,5.318119993844216,very_high,True,True,True
23045,74465,201,3086,,0,201,201.0,1.0,1.0,1.0,1,5.308267697401205,very_high,True,True,True
22985,65703,195,2064,,0,195,195.0,1.0,1.0,1.0,1,5.278114659230517,very_high,True,True,True
23583,66706,194,2459,,0,194,194.0,1.0,1.0,1.0,1,5.272999558563747,very_high,True,True,True
23022,66409,193,2070,,0,193,193.0,1.0,1.0,1.0,1,5.267858159063328,very_high,True,True,True
23080,74339,192,2746,,0,192,192.0,1.0,1.0,1.0,1,5.262690188904886,very_high,True,True,True
23427,68106,190,2152,,0,190,190.0,1.0,1.0,1.0,1,5.25227342804663,very_high,True,True,True
24354,621573,190,3035,,0,190,190.0,1.0,1.0,1.0,1,5.25227342804663,very_high,True,True,True
23645,69100,186,1787,,0,186,186.0,1.0,1.0,1.0,1,5.231108616854587,very_high,True,True,True
24272,52415,186,2913,,0,186,186.0,1.0,1.0,1.0,1,5.231108616854587,very_high,True,True,True
23195,66965,185,1864,,0,185,185.0,1.0,1.0,1.0,1,5.225746673713202,very_high,True,True,True
22963,66715,182,2472,,0,182,182.0,1.0,1.0,1.0,1,5.209486152841421,very_high,True,True,True
23685,69517,181,2554,,0,181,181.0,1.0,1.0,1.0,1,5.204006687076795,very_high,True,True,True
23197,66928,180,2376,,0,180,180.0,1.0,1.0,1.0,1,5.198497031265826,very_high,True,True,True
22956,66606,177,2904,,0,177,177.0,1.0,1.0,1.0,1,5.181783550292085,very_high,True,True,True
22690,64560,173,2513,,0,173,173.0,1.0,1.0,1.0,1,5.159055299214529,very_high,True,True,True
24439,628338,168,2492,,0,168,168.0,1.0,1.0,1.0,1,5.1298987149230735,very_high,True,True,True
22671,64300,165,2779,,0,165,165.0,1.0,1.0,1.0,1,5.111987788356544,very_high,True,True,True
22664,64610,163,1924,,0,163,163.0,1.0,0.9939024390243902,1.0,1,5.068769681313076,very_high,True,True,True
23463,68518,161,1348,,0,161,161.0,1.0,1.0,1.0,1,5.087596335232384,very_high,True,True,True
21400,73136,159,2123,,0,159,159.0,1.0,1.0,1.0,1,5.075173815233827,very_high,True,True,True
23854,50167,159,2485,,0,159,159.0,1.0,1.0,1.0,1,5.075173815233827,very_high,True,True,True
24072,51417,158,2257,,0,158,158.0,1.0,1.0,1.0,1,5.0689042022202315,very_high,True,True,True
22626,60566,157,1119,,0,157,157.0,1.0,1.0,1.0,1,5.062595033026967,very_high,True,True,True
23882,553988,157,2391,,0,157,157.0,1.0,1.0,1.0,1,5.062595033026967,very_high,True,True,True
21708,75151,153,1885,,0,153,153.0,1.0,1.0,1.0,1,5.0369526024136295,very_high,True,True,True
24356,53764,152,1883,,0,152,152.0,1.0,1.0,1.0,1,5.030437921392435,very_high,True,True,True
22719,64346,151,1977,,0,151,151.0,1.0,1.0,1.0,1,5.0238805208462765,very_high,True,True,True
23961,571437,150,2340,,0,150,150.0,1.0,1.0,1.0,1,5.017279836814924,very_high,True,True,True
21945,77243,149,1183,,0,149,149.0,1.0,1.0,1.0,1,5.0106352940962555,very_high,True,True,True
22521,63202,147,1286,,0,147,147.0,1.0,1.0,1.0,1,4.997212273764115,very_high,True,True,True
22853,65898,147,1854,,0,147,147.0,1.0,1.0,1.0,1,4.997212273764115,very_high,True,True,True
24212,52591,146,2598,,0,146,146.0,1.0,1.0,1.0,1,4.990432586778736,very_high,True,True,True
22523,63260,145,1756,,0,145,145.0,1.0,1.0,1.0,1,4.983606621708336,very_high,True,True,True
22950,66657,145,2064,,0,145,145.0,1.0,1.0,1.0,1,4.983606621708336,very_high,True,True,True
23896,50500,145,2123,,0,145,145.0,1.0,1.0,1.0,1,4.983606621708336,very_high,True,True,True
23243,67207,143,1679,,0,143,143.0,1.0,1.0,1.0,1,4.969813299576001,very_high,True,True,True
23602,68912,141,1758,,0,141,141.0,1.0,1.0,1.0,1,4.955827057601261,very_high,True,True,True
23855,50150,140,1806,,0,140,140.0,1.0,1.0,1.0,1,4.948759890378168,very_high,True,True,True
22728,64012,136,680,,0,136,136.0,1.0,1.0,1.0,1,4.919980925828125,very_high,True,True,True
23188,64022,136,1406,,0,136,136.0,1.0,1.0,1.0,1,4.919980925828125,very_high,True,True,True
23759,69813,135,1470,,0,135,135.0,1.0,1.0,1.0,1,4.912654885736052,very_high,True,True,True
21851,76753,131,1654,,0,131,131.0,1.0,1.0,1.0,1,4.882801922586371,very_high,True,True,True
23948,50202,130,1637,,0,130,130.0,1.0,1.0,1.0,1,4.875197323201151,very_high,True,True,True
23349,67504,129,1499,,0,129,129.0,1.0,1.0,1.0,1,4.867534450455582,very_high,True,True,True
23840,69652,129,2209,,0,129,129.0,1.0,1.0,1.0,1,4.867534450455582,very_high,True,True,True
23939,50707,128,1724,,0,128,128.0,1.0,1.0,1.0,1,4.859812404361672,very_high,True,True,True
24270,593647,128,1986,,0,128,128.0,1.0,1.0,1.0,1,4.859812404361672,very_high,True,True,True
24301,546990,128,2127,,0,128,128.0,1.0,1.0,1.0,1,4.859812404361672,very_high,True,True,True
22442,62884,127,1429,,0,127,127.0,1.0,1.0,1.0,1,4.852030263919617,very_high,True,True,True
23244,64266,126,1420,,0,126,126.0,1.0,1.0,1.0,1,4.844187086458591,very_high,True,True,True
23525,64407,126,1096,,0,126,126.0,1.0,1.0,1.0,1,4.844187086458591,very_high,True,True,True
21822,76249,124,1761,,0,124,124.0,1.0,1.0,1.0,1,4.8283137373023015,very_high,True,True,True
22808,64101,124,1594,,0,124,124.0,1.0,1.0,1.0,1,4.8283137373023015,very_high,True,True,True
21143,71752,122,1824,,0,122,122.0,1.0,1.0,1.0,1,4.812184355372417,very_high,True,True,True
22674,63920,122,2073,,0,122,122.0,1.0,1.0,1.0,1,4.812184355372417,very_high,True,True,True
22288,61197,121,1145,,0,121,121.0,1.0,1.0,1.0,1,4.804021044733257,very_high,True,True,True
22695,65132,121,1408,,0,121,121.0,1.0,1.0,1.0,1,4.804021044733257,very_high,True,True,True
22628,63905,120,1180,,0,120,120.0,1.0,1.0,1.0,1,4.795790545596741,very_high,True,True,True
23508,64657,118,1515,,0,118,118.0,1.0,1.0,1.0,1,4.77912349311153,very_high,True,True,True
24098,51203,117,1235,,0,117,117.0,1.0,1.0,1.0,1,4.770684624465665,very_high,True,True,True
23466,68504,115,1142,,0,115,115.0,1.0,1.0,1.0,1,4.7535901911063645,very_high,True,True,True
22345,61208,114,1310,,0,114,114.0,1.0,1.0,1.0,1,4.74493212836325,very_high,True,True,True
22542,63722,114,1409,,0,114,114.0,1.0,1.0,1.0,1,4.74493212836325,very_high,True,True,True
23584,68700,114,1201,,0,114,114.0,1.0,1.0,1.0,1,4.74493212836325,very_high,True,True,True
22969,66707,112,1000,,0,112,112.0,1.0,1.0,1.0,1,4.727387818712341,very_high,True,True,True
23408,62025,112,1075,,0,112,112.0,1.0,1.0,1.0,1,4.727387818712341,very_high,True,True,True
23664,65610,112,1594,,0,112,112.0,1.0,1.0,1.0,1,4.727387818712341,very_high,True,True,True
22809,66112,111,1076,,0,111,111.0,1.0,0.9910714285714286,1.0,1,4.676369417087102,very_high,True,True,True
22771,64115,108,1030,,0,108,108.0,1.0,1.0,1.0,1,4.6913478822291435,very_high,True,True,True
24273,52430,108,1425,,0,108,108.0,1.0,1.0,1.0,1,4.6913478822291435,very_high,True,True,True
23193,66917,107,1024,,0,107,107.0,1.0,1.0,1.0,1,4.68213122712422,very_high,True,True,True
23274,67905,107,1139,,0,107,107.0,1.0,1.0,1.0,1,4.68213122712422,very_high,True,True,True
23430,68110,107,1292,,0,107,107.0,1.0,0.9907407407407407,1.0,1,4.638778160206403,very_high,True,True,True
23776,69992,106,1246,,0,106,106.0,1.0,1.0,1.0,1,4.672828834461906,very_high,True,True,True
22502,78361,105,926,50108.0,1,104,105.0,0.9905660377358491,1.0,1.0,2,4.619444385677047,very_high,True,True,True
22709,64717,105,1098,,0,105,105.0,1.0,1.0,1.0,1,4.663439094112067,very_high,True,True,True
23688,63700,105,1204,,0,105,105.0,1.0,1.0,1.0,1,4.663439094112067,very_high,True,True,True
24040,51551,105,1531,,0,105,105.0,1.0,1.0,1.0,1,4.663439094112067,very_high,True,True,True
21241,72133,104,1090,,0,104,104.0,1.0,1.0,1.0,1,4.653960350157523,very_high,True,True,True
22396,62332,104,1071,,0,104,104.0,1.0,1.0,1.0,1,4.653960350157523,very_high,True,True,True
23606,68904,103,1311,,0,103,103.0,1.0,1.0,1.0,1,4.6443908991413725,very_high,True,True,True
23940,50709,103,1055,,0,103,103.0,1.0,1.0,1.0,1,4.6443908991413725,very_high,True,True,True
24010,51100,103,1130,,0,103,103.0,1.0,1.0,1.0,1,4.6443908991413725,very_high,True,True,True
23865,657733,102,1686,,0,102,102.0,1.0,1.0,1.0,1,4.634728988229636,very_high,True,True,True
21947,77248,100,1009,,0,100,100.0,1.0,1.0,1.0,1,4.61512051684126,very_high,True,True,True
23298,67644,100,1010,,0,100,100.0,1.0,1.0,1.0,1,4.61512051684126,very_high,True,True,True
23911,50820,100,1149,,0,100,100.0,1.0,1.0,1.0,1,4.61512051684126,very_high,True,True,True
22882,64340,98,1247,,0,98,98.0,1.0,1.0,1.0,1,4.59511985013459,very_high,True,True,True
22016,78217,97,731,,0,97,97.0,1.0,1.0,1.0,1,4.584967478670572,very_high,True,True,True
24466,669008,97,1580,,0,97,97.0,1.0,1.0,1.0,1,4.584967478670572,very_high,True,True,True
24372,53554,95,1233,,0,95,95.0,1.0,1.0,1.0,1,4.564348191467836,very_high,True,True,True
22006,78813,94,1114,,0,94,94.0,1.0,1.0,1.0,1,4.553876891600541,very_high,True,True,True
23549,68868,94,1088,,0,94,94.0,1.0,1.0,1.0,1,4.553876891600541,very_high,True,True,True
21693,75808,93,1032,,0,93,93.0,1.0,0.9893617021276596,1.0,1,4.494961859054365,very_high,True,True,True
23698,69766,93,993,,0,93,93.0,1.0,1.0,1.0,1,4.543294782270004,very_high,True,True,True
22332,61700,92,1003,,0,92,92.0,1.0,1.0,1.0,1,4.532599493153256,very_high,True,True,True
23143,66864,92,731,,0,92,92.0,1.0,1.0,1.0,1,4.532599493153256,very_high,True,True,True
23367,67449,92,888,,0,92,92.0,1.0,1.0,1.0,1,4.532599493153256,very_high,True,True,True
23452,68305,92,1031,,0,92,92.0,1.0,1.0,1.0,1,4.532599493153256,very_high,True,True,True
23735,69238,92,863,,0,92,92.0,1.0,1.0,1.0,1,4.532599493153256,very_high,True,True,True
24264,52605,91,1526,,0,91,91.0,1.0,1.0,1.0,1,4.5217885770490405,very_high,True,True,True
22811,66113,90,948,,0,90,90.0,1.0,0.989010989010989,1.0,1,4.4612896218298514,very_high,True,True,True
23724,69418,90,817,,0,90,90.0,1.0,1.0,1.0,1,4.51085950651685,very_high,True,True,True
24510,571602,90,1433,,0,90,90.0,1.0,1.0,1.0,1,4.51085950651685,very_high,True,True,True
22775,65399,88,1072,,0,88,88.0,1.0,1.0,1.0,1,4.48863636973214,very_high,True,True,True
23321,61869,88,915,,0,88,88.0,1.0,1.0,1.0,1,4.48863636973214,very_high,True,True,True
23859,50108,88,1112,,0,88,88.0,1.0,0.9887640449438202,1.0,1,4.438202253218296,very_high,True,True,True
21600,74729,87,992,,0,87,87.0,1.0,1.0,1.0,1,4.477336814478207,very_high,True,True,True
24526,622682,87,1449,,0,87,87.0,1.0,0.9886363636363636,1.0,1,4.426457987040955,very_high,True,True,True
23681,69508,86,764,,0,86,86.0,1.0,1.0,1.0,1,4.465908118654584,very_high,True,True,True
21461,73306,85,854,,0,85,85.0,1.0,1.0,1.0,1,4.454347296253507,very_high,True,True,True
24326,641829,85,1531,,0,85,85.0,1.0,1.0,1.0,1,4.454347296253507,very_high,True,True,True
23625,543742,83,1431,,0,83,83.0,1.0,1.0,1.0,1,4.430816798843313,very_high,True,True,True
22021,78629,82,1222,,0,82,82.0,1.0,1.0,1.0,1,4.418840607796598,very_high,True,True,True
23404,573131,82,1450,,0,82,82.0,1.0,1.0,1.0,1,4.418840607796598,very_high,True,True,True
23626,63440,82,718,,0,82,82.0,1.0,1.0,1.0,1,4.418840607796598,very_high,True,True,True
24545,666632,82,1360,,0,82,82.0,1.0,1.0,1.0,1,4.418840607796598,very_high,True,True,True
23938,50704,81,925,,0,81,81.0,1.0,1.0,1.0,1,4.406719247264253,very_high,True,True,True
22394,62356,80,907,,0,80,80.0,1.0,1.0,1.0,1,4.394449154672439,very_high,True,True,True
22432,62265,80,1097,,0,80,80.0,1.0,1.0,1.0,1,4.394449154672439,very_high,True,True,True
22819,66162,80,1054,,0,80,80.0,1.0,1.0,1.0,1,4.394449154672439,very_high,True,True,True
24207,605361,80,1254,,0,80,80.0,1.0,1.0,1.0,1,4.394449154672439,very_high,True,True,True
23442,68346,79,947,,0,79,79.0,1.0,1.0,1.0,1,4.382026634673881,very_high,True,True,True
23552,68205,78,781,,0,78,78.0,1.0,1.0,1.0,1,4.3694478524670215,very_high,True,True,True
23757,69306,77,731,,0,77,77.0,1.0,1.0,1.0,1,4.356708826689592,very_high,True,True,True
23949,50293,77,872,54216.0,1,76,77.0,0.9871794871794872,1.0,1.0,2,4.300853585321777,very_high,True,True,True
23990,50054,77,858,,0,77,77.0,1.0,1.0,1.0,1,4.356708826689592,very_high,True,True,True
23641,69105,76,1009,68110.0,1,75,76.0,0.987012987012987,1.0,1.0,2,4.287392364427013,very_high,True,True,True
24341,670351,76,1151,,0,76,76.0,1.0,1.0,1.0,1,4.343805421853684,very_high,True,True,True
21448,73209,75,854,,0,75,75.0,1.0,1.0,1.0,1,4.330733340286331,very_high,True,True,True
21980,77463,75,762,,0,75,75.0,1.0,1.0,1.0,1,4.330733340286331,very_high,True,True,True
22144,79334,75,1166,,0,75,75.0,1.0,1.0,1.0,1,4.330733340286331,very_high,True,True,True
24050,51868,75,985,,0,75,75.0,1.0,1.0,1.0,1,4.330733340286331,very_high,True,True,True
24548,54795,75,967,,0,75,75.0,1.0,1.0,1.0,1,4.330733340286331,very_high,True,True,True
24007,608365,74,1110,,0,74,74.0,1.0,1.0,1.0,1,4.31748811353631,very_high,True,True,True
22208,60343,73,593,,0,73,73.0,1.0,0.9864864864864865,1.0,1,4.245902051404114,very_high,True,True,True
22333,61743,73,600,,0,73,73.0,1.0,1.0,1.0,1,4.30406509320417,very_high,True,True,True
22353,61566,73,660,,0,73,73.0,1.0,1.0,1.0,1,4.30406509320417,very_high,True,True,True
22781,65506,73,748,,0,73,73.0,1.0,1.0,1.0,1,4.30406509320417,very_high,True,True,True
24041,51528,73,669,,0,73,73.0,1.0,1.0,1.0,1,4.30406509320417,very_high,True,True,True
22697,65115,72,800,,0,72,72.0,1.0,1.0,1.0,1,4.290459441148391,very_high,True,True,True
23718,69442,71,639,64793.0,1,70,71.0,0.9861111111111112,1.0,1.0,2,4.217267978474166,very_high,True,True,True
22682,61554,70,823,,0,70,70.0,1.0,1.0,1.0,1,4.2626798770413155,very_high,True,True,True
23405,66406,70,576,,0,70,70.0,1.0,1.0,1.0,1,4.2626798770413155,very_high,True,True,True
22749,65653,69,781,,0,69,69.0,1.0,1.0,1.0,1,4.248495242049359,very_high,True,True,True
24251,643565,69,1173,,0,69,69.0,1.0,1.0,1.0,1,4.248495242049359,very_high,True,True,True
24342,53144,69,834,,0,69,69.0,1.0,1.0,1.0,1,4.248495242049359,very_high,True,True,True
22576,63450,68,625,,0,68,68.0,1.0,1.0,1.0,1,4.23410650459726,very_high,True,True,True
23407,67005,68,600,64868.0,1,67,68.0,0.9855072463768116,1.0,1.0,2,4.172742642211793,very_high,True,True,True
23034,64906,67,592,,0,67,67.0,1.0,1.0,1.0,1,4.219507705176107,very_high,True,True,True
22928,66614,66,639,,0,66,66.0,1.0,1.0,1.0,1,4.204692619390966,very_high,True,True,True
23978,50357,66,734,,0,66,66.0,1.0,1.0,1.0,1,4.204692619390966,very_high,True,True,True
24194,624577,65,1073,,0,65,65.0,1.0,1.0,1.0,1,4.189654742026425,very_high,True,True,True
22986,66702,64,524,66710.0,1,63,64.0,0.9846153846153847,1.0,1.0,2,4.110165927281858,very_high,True,True,True
23526,68463,64,726,,0,64,64.0,1.0,1.0,1.0,1,4.174387269895637,very_high,True,True,True
23669,65515,64,757,,0,64,64.0,1.0,1.0,1.0,1,4.174387269895637,very_high,True,True,True
23970,50902,64,424,,0,64,64.0,1.0,1.0,1.0,1,4.174387269895637,very_high,True,True,True
23444,68362,63,784,,0,63,63.0,1.0,1.0,1.0,1,4.1588830833596715,very_high,True,True,True
24054,51865,62,526,,0,62,62.0,1.0,1.0,1.0,1,4.143134726391533,very_high,True,True,True
24398,53312,62,785,,0,62,62.0,1.0,1.0,1.0,1,4.143134726391533,very_high,True,True,True
23691,69727,61,719,,0,61,61.0,1.0,1.0,1.0,1,4.127134385045092,very_high,True,True,True
24309,676646,61,1094,,0,61,61.0,1.0,1.0,1.0,1,4.127134385045092,very_high,True,True,True
23472,64014,59,488,,0,59,59.0,1.0,1.0,1.0,1,4.0943445622221,very_high,True,True,True
23715,69428,58,593,,0,58,58.0,1.0,1.0,1.0,1,4.07753744390572,very_high,True,True,True
23001,65462,57,648,,0,57,57.0,1.0,1.0,1.0,1,4.060443010546419,very_high,True,True,True
24500,54812,57,711,,0,57,57.0,1.0,1.0,1.0,1,4.060443010546419,very_high,True,True,True
20889,71184,56,434,,0,56,56.0,1.0,1.0,1.0,1,4.04305126783455,very_high,True,True,True
23179,65269,56,546,,0,56,56.0,1.0,1.0,1.0,1,4.04305126783455,very_high,True,True,True
23396,67006,56,583,,0,56,56.0,1.0,1.0,1.0,1,4.04305126783455,very_high,True,True,True
24180,52348,56,718,,0,56,56.0,1.0,1.0,1.0,1,4.04305126783455,very_high,True,True,True
23436,68330,55,549,,0,55,55.0,1.0,1.0,1.0,1,4.02535169073515,very_high,True,True,True
24400,53344,55,612,,0,55,55.0,1.0,1.0,1.0,1,4.02535169073515,very_high,True,True,True
21617,74215,54,565,,0,54,54.0,1.0,1.0,1.0,1,4.007333185232471,very_high,True,True,True
22716,64944,54,510,,0,54,54.0,1.0,1.0,1.0,1,4.007333185232471,very_high,True,True,True
23670,64501,54,509,,0,54,54.0,1.0,1.0,1.0,1,4.007333185232471,very_high,True,True,True
24263,592656,54,891,,0,54,54.0,1.0,1.0,1.0,1,4.007333185232471,very_high,True,True,True
23835,69802,53,368,,0,53,53.0,1.0,1.0,1.0,1,3.9889840465642745,very_high,True,True,True
24245,666247,53,470,,0,53,53.0,1.0,1.0,1.0,1,3.9889840465642745,very_high,True,True,True
21278,64793,52,408,,0,52,52.0,1.0,0.9811320754716981,1.0,1,3.8953807453718934,very_high,True,True,True
22841,64213,52,348,,0,52,52.0,1.0,1.0,1.0,1,3.970291913552122,very_high,True,True,True
24496,54805,52,652,,0,52,52.0,1.0,1.0,1.0,1,3.970291913552122,very_high,True,True,True
21865,76509,51,436,,0,51,51.0,1.0,1.0,1.0,1,3.9512437185814275,very_high,True,True,True
22025,78643,51,566,,0,51,51.0,1.0,1.0,1.0,1,3.9512437185814275,very_high,True,True,True
23064,65905,51,413,,0,51,51.0,1.0,1.0,1.0,1,3.9512437185814275,very_high,True,True,True
23108,65869,51,514,,0,51,51.0,1.0,1.0,1.0,1,3.9512437185814275,very_high,True,True,True
23701,64704,51,525,,0,51,51.0,1.0,1.0,1.0,1,3.9512437185814275,very_high,True,True,True
23705,69705,51,581,,0,51,51.0,1.0,1.0,1.0,1,3.9512437185814275,very_high,True,True,True
23989,50066,51,512,,0,51,51.0,1.0,1.0,1.0,1,3.9512437185814275,very_high,True,True,True
23505,68646,50,538,,0,50,50.0,1.0,1.0,1.0,1,3.9318256327243257,very_high,True,True,True
23760,69825,50,600,,0,50,50.0,1.0,1.0,1.0,1,3.9318256327243257,very_high,True,True,True
24569,54344,50,754,,0,50,50.0,1.0,1.0,1.0,1,3.9318256327243257,very_high,True,True,True
21892,76100,49,592,,0,49,49.0,1.0,1.0,1.0,1,3.912023005428146,very_high,True,True,True
22160,79705,49,507,,0,49,49.0,1.0,1.0,1.0,1,3.912023005428146,very_high,True,True,True
22392,62353,49,405,,0,49,49.0,1.0,1.0,1.0,1,3.912023005428146,very_high,True,True,True
23347,67539,49,469,,0,49,49.0,1.0,1.0,1.0,1,3.912023005428146,very_high,True,True,True
23425,68100,49,561,,0,49,49.0,1.0,1.0,1.0,1,3.912023005428146,very_high,True,True,True
23474,64011,49,311,,0,49,49.0,1.0,1.0,1.0,1,3.912023005428146,very_high,True,True,True
23529,64469,49,464,,0,49,49.0,1.0,1.0,1.0,1,3.912023005428146,very_high,True,True,True
23706,69706,49,471,,0,49,49.0,1.0,1.0,1.0,1,3.912023005428146,very_high,True,True,True
22344,61204,48,372,,0,48,48.0,1.0,1.0,1.0,1,3.8918202981106265,very_high,True,True,True
22830,66203,47,295,,0,47,47.0,1.0,1.0,1.0,1,3.871201010907891,very_high,True,True,True
23234,67123,46,385,52154.0,1,45,46.0,0.9787234042553191,1.0,1.0,2,3.768229567631121,very_high,True,True,True
22822,64260,45,358,,0,45,45.0,1.0,1.0,1.0,1,3.828641396489095,very_high,True,True,True
23734,68204,45,340,,0,45,45.0,1.0,1.0,1.0,1,3.828641396489095,very_high,True,True,True
24022,51003,45,373,68906.0,1,44,45.0,0.9574468085106383,1.0,1.0,3,3.6657204860001977,very_high,True,True,True
22748,64086,44,433,,0,44,44.0,1.0,1.0,1.0,1,3.8066624897703196,very_high,True,True,True
24005,488681,44,706,,0,44,44.0,1.0,1.0,1.0,1,3.8066624897703196,very_high,True,True,True
22807,65157,43,579,54815.0,1,42,43.0,0.9555555555555556,1.0,1.0,3,3.6160034279663384,very_high,True,True,True
22886,66354,43,298,,0,43,43.0,1.0,1.0,1.0,1,3.784189633918261,very_high,True,True,True
23521,60288,43,387,,0,43,43.0,1.0,1.0,1.0,1,3.784189633918261,very_high,True,True,True
24191,52305,43,470,,0,43,43.0,1.0,1.0,1.0,1,3.784189633918261,very_high,True,True,True
24542,676950,43,659,,0,43,43.0,1.0,1.0,1.0,1,3.784189633918261,very_high,True,True,True
22382,62797,42,433,,0,42,42.0,1.0,1.0,1.0,1,3.7612001156935624,very_high,True,True,True
22514,79290,42,365,,0,42,42.0,1.0,1.0,1.0,1,3.7612001156935624,very_high,True,True,True
23153,578268,42,434,,0,42,42.0,1.0,1.0,1.0,1,3.7612001156935624,very_high,True,True,True
23418,65109,42,534,,0,42,42.0,1.0,1.0,1.0,1,3.7612001156935624,very_high,True,True,True
24462,608384,42,654,,0,42,42.0,1.0,1.0,1.0,1,3.7612001156935624,very_high,True,True,True
22777,65040,41,324,,0,41,41.0,1.0,1.0,1.0,1,3.7376696182833684,very_high,True,True,True
23965,50996,41,490,,0,41,41.0,1.0,1.0,1.0,1,3.7376696182833684,very_high,True,True,True
23864,50115,40,424,66112.0,1,39,40.0,0.975609756097561,1.0,1.0,2,3.622997138248105,very_high,True,True,True
23662,69636,39,292,,0,39,39.0,1.0,1.0,1.0,1,3.6888794541139363,very_high,True,True,True
23726,68407,39,341,,0,39,39.0,1.0,1.0,1.0,1,3.6888794541139363,very_high,True,True,True
23976,50312,39,275,,0,39,39.0,1.0,1.0,1.0,1,3.6888794541139363,very_high,True,True,True
24068,51403,39,390,,0,39,39.0,1.0,1.0,1.0,1,3.6888794541139363,very_high,True,True,True
24158,52103,39,344,,0,39,39.0,1.0,1.0,1.0,1,3.6888794541139363,very_high,True,True,True
23116,65464,38,259,,0,38,38.0,1.0,1.0,1.0,1,3.6635616461296463,very_high,True,True,True
23635,571830,38,528,,0,38,38.0,1.0,1.0,1.0,1,3.6635616461296463,very_high,True,True,True
24490,54108,38,436,,0,38,38.0,1.0,1.0,1.0,1,3.6635616461296463,very_high,True,True,True
21174,71842,37,311,,0,37,37.0,1.0,1.0,1.0,1,3.6375861597263857,very_high,True,True,True
22571,62409,37,403,,0,37,37.0,1.0,1.0,1.0,1,3.6375861597263857,very_high,True,True,True
22696,65136,37,476,,0,37,37.0,1.0,1.0,1.0,1,3.6375861597263857,very_high,True,True,True
22763,62908,37,345,,0,37,37.0,1.0,1.0,1.0,1,3.6375861597263857,very_high,True,True,True
22943,66662,37,408,,0,37,37.0,1.0,1.0,1.0,1,3.6375861597263857,very_high,True,True,True
23470,68507,37,245,,0,37,37.0,1.0,1.0,1.0,1,3.6375861597263857,very_high,True,True,True
23733,69203,37,396,,0,37,37.0,1.0,1.0,1.0,1,3.6375861597263857,very_high,True,True,True
24016,51106,37,394,,0,37,37.0,1.0,1.0,1.0,1,3.6375861597263857,very_high,True,True,True
23739,69207,36,379,,0,36,36.0,1.0,1.0,1.0,1,3.6109179126442243,very_high,True,True,True
23750,69332,36,425,,0,36,36.0,1.0,1.0,1.0,1,3.6109179126442243,very_high,True,True,True
23919,50600,36,343,,0,36,36.0,1.0,1.0,1.0,1,3.6109179126442243,very_high,True,True,True
24221,656847,36,512,,0,36,36.0,1.0,1.0,1.0,1,3.6109179126442243,very_high,True,True,True
23551,68805,35,276,,0,35,35.0,1.0,1.0,1.0,1,3.58351893845611,very_high,True,True,True
23841,607111,35,523,,0,35,35.0,1.0,1.0,1.0,1,3.58351893845611,very_high,True,True,True
24150,541650,35,593,,0,35,35.0,1.0,1.0,1.0,1,3.58351893845611,very_high,True,True,True
24159,52105,35,306,,0,35,35.0,1.0,1.0,1.0,1,3.58351893845611,very_high,True,True,True
24008,594953,34,567,,0,34,34.0,1.0,1.0,1.0,1,3.5553480614894135,very_high,True,True,True
22101,79198,33,125,,0,33,33.0,1.0,1.0,1.0,1,3.5263605246161616,very_high,True,True,True
22817,64100,33,219,,0,33,33.0,1.0,1.0,1.0,1,3.5263605246161616,very_high,True,True,True
22872,65362,33,475,,0,33,33.0,1.0,1.0,1.0,1,3.5263605246161616,very_high,True,True,True
23186,66233,33,262,,0,33,33.0,1.0,1.0,1.0,1,3.5263605246161616,very_high,True,True,True
23264,67900,33,215,,0,33,33.0,1.0,1.0,1.0,1,3.5263605246161616,very_high,True,True,True
23330,67807,33,356,,0,33,33.0,1.0,1.0,1.0,1,3.5263605246161616,very_high,True,True,True
23562,63559,33,255,,0,33,33.0,1.0,1.0,1.0,1,3.5263605246161616,very_high,True,True,True
23768,69950,33,526,,0,33,33.0,1.0,1.0,1.0,1,3.5263605246161616,very_high,True,True,True
24315,53992,33,331,,0,33,33.0,1.0,1.0,1.0,1,3.5263605246161616,very_high,True,True,True
24479,54166,33,417,,0,33,33.0,1.0,1.0,1.0,1,3.5263605246161616,very_high,True,True,True
24480,54156,33,290,,0,33,33.0,1.0,1.0,1.0,1,3.5263605246161616,very_high,True,True,True
20946,70410,32,373,,0,32,32.0,1.0,1.0,1.0,1,3.4965075614664802,very_high,True,True,True
21511,73213,32,327,,0,32,32.0,1.0,1.0,1.0,1,3.4965075614664802,very_high,True,True,True
22553,63634,32,286,,0,32,32.0,1.0,1.0,1.0,1,3.4965075614664802,very_high,True,True,True
23842,519295,32,486,,0,32,32.0,1.0,1.0,1.0,1,3.4965075614664802,very_high,True,True,True
23844,451713,32,477,,0,32,32.0,1.0,1.0,1.0,1,3.4965075614664802,very_high,True,True,True
24139,592387,32,469,,0,32,32.0,1.0,1.0,1.0,1,3.4965075614664802,very_high,True,True,True
24149,643269,32,466,,0,32,32.0,1.0,1.0,1.0,1,3.4965075614664802,very_high,True,True,True
24492,54112,32,405,,0,32,32.0,1.0,1.0,1.0,1,3.4965075614664802,very_high,True,True,True
24091,51303,31,277,,0,31,31.0,1.0,1.0,1.0,1,3.4657359027997265,very_high,True,True,True
24413,53400,31,266,,0,31,31.0,1.0,1.0,1.0,1,3.4657359027997265,very_high,True,True,True
23671,69530,30,493,,0,30,30.0,1.0,1.0,1.0,1,3.4339872044851463,very_high,True,True,True
24023,501660,30,468,,0,30,30.0,1.0,1.0,1.0,1,3.4339872044851463,very_high,True,True,True
24464,592348,30,507,,0,30,30.0,1.0,1.0,1.0,1,3.4339872044851463,very_high,True,True,True
23881,573135,29,514,,0,29,29.0,1.0,1.0,1.0,1,3.4011973816621555,very_high,True,True,True
24426,53058,29,298,,0,29,29.0,1.0,1.0,1.0,1,3.4011973816621555,very_high,True,True,True
24582,54307,29,295,,0,29,29.0,1.0,1.0,1.0,1,3.4011973816621555,very_high,True,True,True
22374,62164,28,322,,0,28,28.0,1.0,1.0,1.0,1,3.367295829986474,very_high,True,True,True
23945,50204,28,227,,0,28,28.0,1.0,1.0,1.0,1,3.367295829986474,very_high,True,True,True
24304,596825,28,462,,0,28,28.0,1.0,1.0,1.0,1,3.367295829986474,very_high,True,True,True
22893,65514,27,250,,0,27,27.0,1.0,1.0,1.0,1,3.332204510175204,very_high,True,True,True
23847,607776,27,455,,0,27,27.0,1.0,1.0,1.0,1,3.332204510175204,very_high,True,True,True
23975,50304,27,300,,0,27,27.0,1.0,1.0,1.0,1,3.332204510175204,very_high,True,True,True
24086,51359,27,408,,0,27,27.0,1.0,1.0,1.0,1,3.332204510175204,very_high,True,True,True
24090,51302,27,291,,0,27,27.0,1.0,1.0,1.0,1,3.332204510175204,very_high,True,True,True
22800,64164,26,323,,0,26,26.0,1.0,1.0,1.0,1,3.295836866004329,very_high,True,True,True
23004,66462,26,202,,0,26,26.0,1.0,1.0,1.0,1,3.295836866004329,very_high,True,True,True
24019,51112,26,272,,0,26,26.0,1.0,1.0,1.0,1,3.295836866004329,very_high,True,True,True
24148,571506,26,412,,0,26,26.0,1.0,1.0,1.0,1,3.295836866004329,very_high,True,True,True
24177,605196,26,364,,0,26,26.0,1.0,1.0,1.0,1,3.295836866004329,very_high,True,True,True
24383,53569,25,167,,0,25,25.0,1.0,1.0,1.0,1,3.258096538021482,very_high,True,True,True
24402,53302,25,253,,0,25,25.0,1.0,1.0,1.0,1,3.258096538021482,very_high,True,True,True
23723,69416,24,208,,0,24,24.0,1.0,1.0,1.0,1,3.2188758248682006,very_high,True,True,True
24630,676724,24,393,,0,24,24.0,1.0,1.0,1.0,1,3.2188758248682006,very_high,True,True,True
23702,69702,23,250,,0,23,23.0,1.0,1.0,1.0,1,3.1780538303479458,very_high,True,True,True
24567,54305,23,262,,0,23,23.0,1.0,1.0,1.0,1,3.1780538303479458,very_high,True,True,True
22679,64499,22,158,,0,22,22.0,1.0,1.0,1.0,1,3.1354942159291497,very_high,True,True,True
22737,64117,22,225,,0,22,22.0,1.0,1.0,1.0,1,3.1354942159291497,very_high,True,True,True
23290,67363,22,209,,0,22,22.0,1.0,1.0,1.0,1,3.1354942159291497,very_high,True,True,True
23531,68466,22,190,,0,22,22.0,1.0,1.0,1.0,1,3.1354942159291497,very_high,True,True,True
23553,79530,22,264,,0,22,22.0,1.0,1.0,1.0,1,3.1354942159291497,very_high,True,True,True
24143,571679,22,284,,0,22,22.0,1.0,1.0,1.0,1,3.1354942159291497,very_high,True,True,True
22766,64890,21,222,,0,21,21.0,1.0,1.0,1.0,1,3.091042453358316,very_high,True,True,True
22813,66109,21,211,,0,21,21.0,1.0,1.0,1.0,1,3.091042453358316,very_high,True,True,True
22934,66615,21,241,,0,21,21.0,1.0,1.0,1.0,1,3.091042453358316,very_high,True,True,True
23227,67169,21,167,,0,21,21.0,1.0,1.0,1.0,1,3.091042453358316,very_high,True,True,True
23524,64410,21,219,,0,21,21.0,1.0,1.0,1.0,1,3.091042453358316,very_high,True,True,True
24274,52424,21,212,,0,21,21.0,1.0,1.0,1.0,1,3.091042453358316,very_high,True,True,True
22281,61114,20,216,,0,20,20.0,1.0,1.0,1.0,1,3.044522437723423,very_high,True,True,True
22574,63435,20,163,,0,20,20.0,1.0,1.0,1.0,1,3.044522437723423,very_high,True,True,True
22613,62917,20,287,,0,20,20.0,1.0,1.0,1.0,1,3.044522437723423,very_high,True,True,True
22900,65503,20,235,,0,20,20.0,1.0,1.0,1.0,1,3.044522437723423,very_high,True,True,True
24308,501571,20,339,,0,20,20.0,1.0,1.0,1.0,1,3.044522437723423,very_high,True,True,True
24532,54214,20,194,,0,20,20.0,1.0,1.0,1.0,1,3.044522437723423,very_high,True,True,True
21848,76720,19,167,,0,19,19.0,1.0,1.0,1.0,1,2.995732273553991,high,True,True,False
23467,63593,19,142,,0,19,19.0,1.0,1.0,1.0,1,2.995732273553991,high,True,True,False
23483,68089,19,148,,0,19,19.0,1.0,1.0,1.0,1,2.995732273553991,high,True,True,False
23700,63703,19,157,,0,19,19.0,1.0,1.0,1.0,1,2.995732273553991,high,True,True,False
23957,50208,19,238,,0,19,19.0,1.0,1.0,1.0,1,2.995732273553991,high,True,True,False
22002,60100,18,204,,0,18,18.0,1.0,1.0,1.0,1,2.9444389791664403,high,True,True,False
23241,67202,18,144,,0,18,18.0,1.0,1.0,1.0,1,2.9444389791664403,high,True,True,False
23300,67610,18,194,,0,18,18.0,1.0,1.0,1.0,1,2.9444389791664403,high,True,True,False
23608,68909,18,152,,0,18,18.0,1.0,1.0,1.0,1,2.9444389791664403,high,True,True,False
24296,52704,18,139,,0,18,18.0,1.0,1.0,1.0,1,2.9444389791664403,high,True,True,False
22774,63360,17,169,,0,17,17.0,1.0,1.0,1.0,1,2.8903717578961645,high,True,True,False
24145,51706,17,192,,0,17,17.0,1.0,1.0,1.0,1,2.8903717578961645,high,True,True,False
24348,53168,17,218,,0,17,17.0,1.0,1.0,1.0,1,2.8903717578961645,high,True,True,False
24632,650331,17,291,,0,17,17.0,1.0,1.0,1.0,1,2.8903717578961645,high,True,True,False
21131,71432,16,153,,0,16,16.0,1.0,1.0,1.0,1,2.833213344056216,high,True,True,False
21381,72546,16,134,,0,16,16.0,1.0,1.0,1.0,1,2.833213344056216,high,True,True,False
21835,76869,16,136,,0,16,16.0,1.0,1.0,1.0,1,2.833213344056216,high,True,True,False
22148,79300,16,95,,0,16,16.0,1.0,1.0,1.0,1,2.833213344056216,high,True,True,False
23146,63895,16,108,,0,16,16.0,1.0,1.0,1.0,1,2.833213344056216,high,True,True,False
23253,64209,16,115,,0,16,16.0,1.0,1.0,1.0,1,2.833213344056216,high,True,True,False
23900,50848,16,172,,0,16,16.0,1.0,1.0,1.0,1,2.833213344056216,high,True,True,False
23906,50868,16,140,,0,16,16.0,1.0,1.0,1.0,1,2.833213344056216,high,True,True,False
23918,50657,16,169,,0,16,16.0,1.0,1.0,1.0,1,2.833213344056216,high,True,True,False
24163,547004,16,211,,0,16,16.0,1.0,1.0,1.0,1,2.833213344056216,high,True,True,False
24297,52705,16,146,,0,16,16.0,1.0,1.0,1.0,1,2.833213344056216,high,True,True,False
24350,53105,16,147,,0,16,16.0,1.0,1.0,1.0,1,2.833213344056216,high,True,True,False
24491,54110,16,85,,0,16,16.0,1.0,1.0,1.0,1,2.833213344056216,high,True,True,False
22137,79465,15,166,,0,15,15.0,1.0,1.0,1.0,1,2.772588722239781,high,True,True,False
22773,65120,15,160,,0,15,15.0,1.0,1.0,1.0,1,2.772588722239781,high,True,True,False
23579,68707,15,208,,0,15,15.0,1.0,1.0,1.0,1,2.772588722239781,high,True,True,False
23974,50906,15,75,,0,15,15.0,1.0,1.0,1.0,1,2.772588722239781,high,True,True,False
24132,51762,15,128,,0,15,15.0,1.0,1.0,1.0,1,2.772588722239781,high,True,True,False
24214,52568,15,119,,0,15,15.0,1.0,1.0,1.0,1,2.772588722239781,high,True,True,False
24345,53160,15,116,,0,15,15.0,1.0,1.0,1.0,1,2.772588722239781,high,True,True,False
24375,53568,15,186,,0,15,15.0,1.0,1.0,1.0,1,2.772588722239781,high,True,True,False
24046,51560,14,130,,0,14,14.0,1.0,1.0,1.0,1,2.70805020110221,high,True,True,False
24278,52405,14,80,,0,14,14.0,1.0,1.0,1.0,1,2.70805020110221,high,True,True,False
24481,54164,14,82,,0,14,14.0,1.0,1.0,1.0,1,2.70805020110221,high,True,True,False
22104,79113,13,125,,0,13,13.0,1.0,1.0,1.0,1,2.6390573296152584,high,True,True,False
22454,76368,13,96,,0,13,13.0,1.0,1.0,1.0,1,2.6390573296152584,high,True,True,False
22733,63088,13,99,,0,13,13.0,1.0,1.0,1.0,1,2.6390573296152584,high,True,True,False
22745,63448,13,103,,0,13,13.0,1.0,1.0,1.0,1,2.6390573296152584,high,True,True,False
22852,65304,13,158,,0,13,13.0,1.0,1.0,1.0,1,2.6390573296152584,high,True,True,False
23200,66968,13,69,,0,13,13.0,1.0,1.0,1.0,1,2.6390573296152584,high,True,True,False
24128,51764,13,164,,0,13,13.0,1.0,1.0,1.0,1,2.6390573296152584,high,True,True,False
24134,51701,13,123,,0,13,13.0,1.0,1.0,1.0,1,2.6390573296152584,high,True,True,False
24160,52121,13,169,,0,13,13.0,1.0,1.0,1.0,1,2.6390573296152584,high,True,True,False
24255,52001,13,144,,0,13,13.0,1.0,1.0,1.0,1,2.6390573296152584,high,True,True,False
24371,657434,13,239,,0,13,13.0,1.0,1.0,1.0,1,2.6390573296152584,high,True,True,False
24418,53404,13,166,,0,13,13.0,1.0,1.0,1.0,1,2.6390573296152584,high,True,True,False
21458,73342,12,169,,0,12,12.0,1.0,1.0,1.0,1,2.5649493574615367,high,True,True,False
23205,66963,12,119,,0,12,12.0,1.0,1.0,1.0,1,2.5649493574615367,high,True,True,False
23712,69403,12,109,,0,12,12.0,1.0,1.0,1.0,1,2.5649493574615367,high,True,True,False
23788,69056,12,114,,0,12,12.0,1.0,1.0,1.0,1,2.5649493574615367,high,True,True,False
23839,69804,12,122,,0,12,12.0,1.0,1.0,1.0,1,2.5649493574615367,high,True,True,False
24031,51005,12,135,,0,12,12.0,1.0,1.0,1.0,1,2.5649493574615367,high,True,True,False
24210,52516,12,125,,0,12,12.0,1.0,1.0,1.0,1,2.5649493574615367,high,True,True,False
24353,53103,12,122,,0,12,12.0,1.0,1.0,1.0,1,2.5649493574615367,high,True,True,False
22460,77654,11,94,,0,11,11.0,1.0,1.0,1.0,1,2.4849066497880004,high,True,True,False
22902,66508,11,114,,0,11,11.0,1.0,1.0,1.0,1,2.4849066497880004,high,True,True,False
23144,66833,11,137,,0,11,11.0,1.0,1.0,1.0,1,2.4849066497880004,high,True,True,False
23752,69366,11,100,,0,11,11.0,1.0,1.0,1.0,1,2.4849066497880004,high,True,True,False
23992,50092,11,122,,0,11,11.0,1.0,1.0,1.0,1,2.4849066497880004,high,True,True,False
23028,63913,10,133,,0,10,10.0,1.0,1.0,1.0,1,2.3978952727983707,high,True,True,False
23546,68869,10,86,,0,10,10.0,1.0,1.0,1.0,1,2.3978952727983707,high,True,True,False
23773,69980,10,103,,0,10,10.0,1.0,1.0,1.0,1,2.3978952727983707,high,True,True,False
23971,50903,10,117,,0,10,10.0,1.0,1.0,1.0,1,2.3978952727983707,high,True,True,False
24014,51103,10,65,,0,10,10.0,1.0,1.0,1.0,1,2.3978952727983707,high,True,True,False
24034,51009,10,112,,0,10,10.0,1.0,1.0,1.0,1,2.3978952727983707,high,True,True,False
24280,52402,10,88,,0,10,10.0,1.0,1.0,1.0,1,2.3978952727983707,high,True,True,False
24403,53303,10,92,,0,10,10.0,1.0,1.0,1.0,1,2.3978952727983707,high,True,True,False
21401,73153,9,38,,0,9,9.0,1.0,1.0,1.0,1,2.302585092994046,high,True,True,False
22629,63903,9,108,,0,9,9.0,1.0,1.0,1.0,1,2.302585092994046,high,True,True,False
23299,63636,9,61,,0,9,9.0,1.0,1.0,1.0,1,2.302585092994046,high,True,True,False
23341,67760,9,82,,0,9,9.0,1.0,1.0,1.0,1,2.302585092994046,high,True,True,False
23432,68117,9,60,,0,9,9.0,1.0,1.0,1.0,1,2.302585092994046,high,True,True,False
23507,68614,9,94,,0,9,9.0,1.0,1.0,1.0,1,2.302585092994046,high,True,True,False
23742,69210,9,91,,0,9,9.0,1.0,1.0,1.0,1,2.302585092994046,high,True,True,False
23753,69363,9,49,,0,9,9.0,1.0,1.0,1.0,1,2.302585092994046,high,True,True,False
23780,69900,9,121,,0,9,9.0,1.0,1.0,1.0,1,2.302585092994046,high,True,True,False
23789,69064,9,106,,0,9,9.0,1.0,1.0,1.0,1,2.302585092994046,high,True,True,False
23899,50840,9,144,,0,9,9.0,1.0,1.0,1.0,1,2.302585092994046,high,True,True,False
23905,50819,9,88,,0,9,9.0,1.0,1.0,1.0,1,2.302585092994046,high,True,True,False
23996,50007,9,77,,0,9,9.0,1.0,1.0,1.0,1,2.302585092994046,high,True,True,False
24101,51269,9,133,,0,9,9.0,1.0,1.0,1.0,1,2.302585092994046,high,True,True,False
24137,51704,9,78,,0,9,9.0,1.0,1.0,1.0,1,2.302585092994046,high,True,True,False
24357,53795,9,86,,0,9,9.0,1.0,1.0,1.0,1,2.302585092994046,high,True,True,False
24528,54205,9,70,,0,9,9.0,1.0,1.0,1.0,1,2.302585092994046,high,True,True,False
24529,54236,9,123,,0,9,9.0,1.0,1.0,1.0,1,2.302585092994046,high,True,True,False
24593,54408,9,86,,0,9,9.0,1.0,1.0,1.0,1,2.302585092994046,high,True,True,False
21288,72456,8,63,,0,8,8.0,1.0,1.0,1.0,1,2.1972245773362196,high,True,True,False
21577,74846,8,37,,0,8,8.0,1.0,1.0,1.0,1,2.1972245773362196,high,True,True,False
23147,66807,8,85,,0,8,8.0,1.0,1.0,1.0,1,2.1972245773362196,high,True,True,False
23242,67265,8,110,,0,8,8.0,1.0,1.0,1.0,1,2.1972245773362196,high,True,True,False
23980,578628,8,89,,0,8,8.0,1.0,1.0,1.0,1,2.1972245773362196,high,True,True,False
24260,52002,8,62,,0,8,8.0,1.0,1.0,1.0,1,2.1972245773362196,high,True,True,False
24536,54219,8,61,,0,8,8.0,1.0,1.0,1.0,1,2.1972245773362196,high,True,True,False
24590,54460,8,66,,0,8,8.0,1.0,1.0,1.0,1,2.1972245773362196,high,True,True,False
20984,70756,7,39,,0,7,7.0,1.0,1.0,1.0,1,2.0794415416798357,high,True,True,False
21786,76158,7,59,,0,7,7.0,1.0,1.0,1.0,1,2.0794415416798357,high,True,True,False
22225,60605,7,56,,0,7,7.0,1.0,1.0,1.0,1,2.0794415416798357,high,True,True,False
22439,62893,7,53,,0,7,7.0,1.0,1.0,1.0,1,2.0794415416798357,high,True,True,False
23263,67993,7,44,,0,7,7.0,1.0,1.0,1.0,1,2.0794415416798357,high,True,True,False
23469,63558,7,71,,0,7,7.0,1.0,1.0,1.0,1,2.0794415416798357,high,True,True,False
23861,50110,7,34,,0,7,7.0,1.0,1.0,1.0,1,2.0794415416798357,high,True,True,False
23926,50608,7,35,,0,7,7.0,1.0,1.0,1.0,1,2.0794415416798357,high,True,True,False
24006,50214,7,104,,0,7,7.0,1.0,1.0,1.0,1,2.0794415416798357,high,True,True,False
24079,51996,7,37,,0,7,7.0,1.0,1.0,1.0,1,2.0794415416798357,high,True,True,False
24106,51298,7,81,,0,7,7.0,1.0,1.0,1.0,1,2.0794415416798357,high,True,True,False
24108,51200,7,63,,0,7,7.0,1.0,1.0,1.0,1,2.0794415416798357,high,True,True,False
24130,51767,7,97,,0,7,7.0,1.0,1.0,1.0,1,2.0794415416798357,high,True,True,False
24385,53587,7,70,,0,7,7.0,1.0,1.0,1.0,1,2.0794415416798357,high,True,True,False
24574,54394,7,93,,0,7,7.0,1.0,1.0,1.0,1,2.0794415416798357,high,True,True,False
24578,54303,7,68,,0,7,7.0,1.0,1.0,1.0,1,2.0794415416798357,high,True,True,False
22132,79234,6,38,,0,6,6.0,1.0,1.0,1.0,1,1.9459101490553132,medium,True,True,False
22258,60184,6,51,,0,6,6.0,1.0,1.0,1.0,1,1.9459101490553132,medium,True,True,False
22684,64706,6,43,,0,6,6.0,1.0,1.0,1.0,1,1.9459101490553132,medium,True,True,False
22758,64493,6,76,,0,6,6.0,1.0,1.0,1.0,1,1.9459101490553132,medium,True,True,False
22762,79364,6,55,,0,6,6.0,1.0,1.0,1.0,1,1.9459101490553132,medium,True,True,False
23000,65412,6,38,,0,6,6.0,1.0,1.0,1.0,1,1.9459101490553132,medium,True,True,False
23180,66202,6,41,,0,6,6.0,1.0,1.0,1.0,1,1.9459101490553132,medium,True,True,False
23262,67944,6,53,,0,6,6.0,1.0,1.0,1.0,1,1.9459101490553132,medium,True,True,False
23395,67063,6,39,,0,6,6.0,1.0,1.0,1.0,1,1.9459101490553132,medium,True,True,False
23492,68002,6,41,,0,6,6.0,1.0,1.0,1.0,1,1.9459101490553132,medium,True,True,False
23686,69518,6,36,,0,6,6.0,1.0,1.0,1.0,1,1.9459101490553132,medium,True,True,False
23763,69860,6,47,,0,6,6.0,1.0,1.0,1.0,1,1.9459101490553132,medium,True,True,False
23946,50244,6,32,,0,6,6.0,1.0,1.0,1.0,1,1.9459101490553132,medium,True,True,False
24009,643603,6,89,,0,6,6.0,1.0,1.0,1.0,1,1.9459101490553132,medium,True,True,False
24077,51991,6,70,,0,6,6.0,1.0,1.0,1.0,1,1.9459101490553132,medium,True,True,False
24175,52804,6,39,,0,6,6.0,1.0,1.0,1.0,1,1.9459101490553132,medium,True,True,False
24335,53204,6,30,,0,6,6.0,1.0,1.0,1.0,1,1.9459101490553132,medium,True,True,False
24404,53304,6,75,,0,6,6.0,1.0,1.0,1.0,1,1.9459101490553132,medium,True,True,False
24430,53036,6,54,,0,6,6.0,1.0,1.0,1.0,1,1.9459101490553132,medium,True,True,False
24443,53865,6,53,,0,6,6.0,1.0,1.0,1.0,1,1.9459101490553132,medium,True,True,False
24507,54813,6,116,,0,6,6.0,1.0,1.0,1.0,1,1.9459101490553132,medium,True,True,False
24517,54905,6,49,,0,6,6.0,1.0,1.0,1.0,1,1.9459101490553132,medium,True,True,False
22970,65705,5,33,,0,5,5.0,1.0,1.0,1.0,1,1.791759469228055,medium,True,True,False
23132,66749,5,43,,0,5,5.0,1.0,1.0,1.0,1,1.791759469228055,medium,True,True,False
23604,62537,5,22,,0,5,5.0,1.0,1.0,1.0,1,1.791759469228055,medium,True,True,False
24071,51407,5,45,,0,5,5.0,1.0,1.0,1.0,1,1.791759469228055,medium,True,True,False
24242,52764,5,60,,0,5,5.0,1.0,1.0,1.0,1,1.791759469228055,medium,True,True,False
24299,52710,5,64,,0,5,5.0,1.0,1.0,1.0,1,1.791759469228055,medium,True,True,False
24530,54268,5,46,,0,5,5.0,1.0,1.0,1.0,1,1.791759469228055,medium,True,True,False
24543,53717,5,54,,0,5,5.0,1.0,1.0,1.0,1,1.791759469228055,medium,True,True,False
24547,54794,5,74,,0,5,5.0,1.0,1.0,1.0,1,1.791759469228055,medium,True,True,False
24628,665180,5,65,,0,5,5.0,1.0,1.0,1.0,1,1.791759469228055,medium,True,True,False
23348,493193,218,3116,71564.0,74,144,2.945945945945946,0.7465753424657534,1.0,1.0,2,4.023348072260264,very_high,False,False,False
23582,68730,70,1020,592419.0,63,7,1.1111111111111112,0.5263157894736842,1.0,1.0,2,2.243515724758587,high,False,False,False
23667,67609,21,173,65620.0,2,19,10.5,0.9130434782608695,1.0,1.0,2,2.8222561530662884,high,True,False,False
24155,52154,18,168,,0,18,18.0,1.0,0.9473684210526315,1.0,1,2.7894685065787326,high,True,False,False
24501,54815,18,166,,0,18,18.0,1.0,0.9473684210526315,1.0,1,2.7894685065787326,high,True,False,False
22959,66710,17,171,,0,17,17.0,1.0,0.9444444444444444,1.0,1,2.7297955491241552,high,True,False,False
24215,52504,15,83,622682.0,1,14,15.0,0.9375,1.0,1.0,2,2.599301927099795,high,True,False,False
24405,53305,11,87,51307.0,1,10,11.0,0.9166666666666666,1.0,1.0,2,2.277831095639,high,True,False,False
23605,68906,9,86,,0,9,9.0,1.0,0.9,1.0,1,2.0723265836946414,high,True,False,False
24534,54216,5,20,,0,5,5.0,1.0,0.8333333333333334,1.0,1,1.4931328910233792,medium,False,False,False
22683,61366,4,44,,0,4,4.0,1.0,1.0,1.0,1,1.6094379124341003,medium,True,False,False
23049,65909,4,51,,0,4,4.0,1.0,1.0,1.0,1,1.6094379124341003,medium,True,False,False
23068,65044,4,30,,0,4,4.0,1.0,1.0,1.0,1,1.6094379124341003,medium,True,False,False
23121,64724,4,56,,0,4,4.0,1.0,1.0,1.0,1,1.6094379124341003,medium,True,False,False
23212,66802,4,49,,0,4,4.0,1.0,1.0,1.0,1,1.6094379124341003,medium,True,False,False
23387,65096,4,24,,0,4,4.0,1.0,1.0,1.0,1,1.6094379124341003,medium,True,False,False
23487,68096,4,34,,0,4,4.0,1.0,1.0,1.0,1,1.6094379124341003,medium,True,False,False
23527,68416,4,32,,0,4,4.0,1.0,1.0,1.0,1,1.6094379124341003,medium,True,False,False
23586,68709,4,64,,0,4,4.0,1.0,1.0,1.0,1,1.6094379124341003,medium,True,False,False
23612,68901,4,40,,0,4,4.0,1.0,1.0,1.0,1,1.6094379124341003,medium,True,False,False
23649,571757,4,59,,0,4,4.0,1.0,1.0,1.0,1,1.6094379124341003,medium,True,False,False
23728,68211,4,44,,0,4,4.0,1.0,1.0,1.0,1,1.6094379124341003,medium,True,False,False
23838,69810,4,43,,0,4,4.0,1.0,1.0,1.0,1,1.6094379124341003,medium,True,False,False
23913,50817,4,32,,0,4,4.0,1.0,1.0,1.0,1,1.6094379124341003,medium,True,False,False
23937,50713,4,33,,0,4,4.0,1.0,1.0,1.0,1,1.6094379124341003,medium,True,False,False
24024,51013,4,58,,0,4,4.0,1.0,1.0,1.0,1,1.6094379124341003,medium,True,False,False
24035,51006,4,38,,0,4,4.0,1.0,1.0,1.0,1,1.6094379124341003,medium,True,False,False
24049,51574,4,51,,0,4,4.0,1.0,1.0,1.0,1,1.6094379124341003,medium,True,False,False
24103,51295,4,55,,0,4,4.0,1.0,1.0,1.0,1,1.6094379124341003,medium,True,False,False
24171,52803,4,47,,0,4,4.0,1.0,1.0,1.0,1,1.6094379124341003,medium,True,False,False
24187,52301,4,33,,0,4,4.0,1.0,1.0,1.0,1,1.6094379124341003,medium,True,False,False
24236,52209,4,32,,0,4,4.0,1.0,1.0,1.0,1,1.6094379124341003,medium,True,False,False
24316,53991,4,35,,0,4,4.0,1.0,1.0,1.0,1,1.6094379124341003,medium,True,False,False
24331,53293,4,22,,0,4,4.0,1.0,1.0,1.0,1,1.6094379124341003,medium,True,False,False
24332,53296,4,32,,0,4,4.0,1.0,1.0,1.0,1,1.6094379124341003,medium,True,False,False
24448,53803,4,18,,0,4,4.0,1.0,1.0,1.0,1,1.6094379124341003,medium,True,False,False
24471,54598,4,26,,0,4,4.0,1.0,1.0,1.0,1,1.6094379124341003,medium,True,False,False
24489,54107,4,25,,0,4,4.0,1.0,1.0,1.0,1,1.6094379124341003,medium,True,False,False
24493,54116,4,26,,0,4,4.0,1.0,1.0,1.0,1,1.6094379124341003,medium,True,False,False
24503,54814,4,61,,0,4,4.0,1.0,1.0,1.0,1,1.6094379124341003,medium,True,False,False
24520,54908,4,54,,0,4,4.0,1.0,1.0,1.0,1,1.6094379124341003,medium,True,False,False
24554,54710,4,53,,0,4,4.0,1.0,1.0,1.0,1,1.6094379124341003,medium,True,False,False
24589,54506,4,31,,0,4,4.0,1.0,1.0,1.0,1,1.6094379124341003,medium,True,False,False
22064,78566,3,48,,0,3,3.0,1.0,1.0,1.0,1,1.3862943611198906,medium,True,False,False
22284,61104,3,15,,0,3,3.0,1.0,1.0,1.0,1,1.3862943611198906,medium,True,False,False
22611,62921,3,31,,0,3,3.0,1.0,1.0,1.0,1,1.3862943611198906,medium,True,False,False
23138,66803,3,36,,0,3,3.0,1.0,1.0,1.0,1,1.3862943611198906,medium,True,False,False
23252,67209,3,10,,0,3,3.0,1.0,1.0,1.0,1,1.3862943611198906,medium,True,False,False
23357,67568,3,32,,0,3,3.0,1.0,1.0,1.0,1,1.3862943611198906,medium,True,False,False
23493,68003,3,36,,0,3,3.0,1.0,1.0,1.0,1,1.3862943611198906,medium,True,False,False
23548,64803,3,20,,0,3,3.0,1.0,1.0,1.0,1,1.3862943611198906,medium,True,False,False
23756,69305,3,19,,0,3,3.0,1.0,1.0,1.0,1,1.3862943611198906,medium,True,False,False
23941,50714,3,17,,0,3,3.0,1.0,1.0,1.0,1,1.3862943611198906,medium,True,False,False
23986,600301,3,39,,0,3,3.0,1.0,1.0,1.0,1,1.3862943611198906,medium,True,False,False
24000,50011,3,54,,0,3,3.0,1.0,1.0,1.0,1,1.3862943611198906,medium,True,False,False
24057,51860,3,20,,0,3,3.0,1.0,1.0,1.0,1,1.3862943611198906,medium,True,False,False
24095,51307,3,31,,0,3,3.0,1.0,0.75,1.0,1,1.0397207708399179,medium,False,False,False
24141,51707,3,12,,0,3,3.0,1.0,1.0,1.0,1,1.3862943611198906,medium,True,False,False
24206,52906,3,47,,0,3,3.0,1.0,1.0,1.0,1,1.3862943611198906,medium,True,False,False
24235,52208,3,12,,0,3,3.0,1.0,1.0,1.0,1,1.3862943611198906,medium,True,False,False
24352,53104,3,21,,0,3,3.0,1.0,1.0,1.0,1,1.3862943611198906,medium,True,False,False
24409,53309,3,22,,0,3,3.0,1.0,1.0,1.0,1,1.3862943611198906,medium,True,False,False
24427,53057,3,25,,0,3,3.0,1.0,1.0,1.0,1,1.3862943611198906,medium,True,False,False
24442,53844,3,38,,0,3,3.0,1.0,1.0,1.0,1,1.3862943611198906,medium,True,False,False
24445,53893,3,26,,0,3,3.0,1.0,1.0,1.0,1,1.3862943611198906,medium,True,False,False
24475,54507,3,14,,0,3,3.0,1.0,1.0,1.0,1,1.3862943611198906,medium,True,False,False
24497,54806,3,34,,0,3,3.0,1.0,1.0,1.0,1,1.3862943611198906,medium,True,False,False
24521,54909,3,21,,0,3,3.0,1.0,1.0,1.0,1,1.3862943611198906,medium,True,False,False
24581,54306,3,35,,0,3,3.0,1.0,1.0,1.0,1,1.3862943611198906,medium,True,False,False
22221,60648,2,31,,0,2,2.0,1.0,1.0,1.0,1,1.0986122886681098,medium,False,False,False
22238,60805,2,27,,0,2,2.0,1.0,1.0,1.0,1,1.0986122886681098,medium,False,False,False
22416,62468,2,37,,0,2,2.0,1.0,1.0,1.0,1,1.0986122886681098,medium,False,False,False
22499,63339,2,9,,0,2,2.0,1.0,1.0,1.0,1,1.0986122886681098,medium,False,False,False
22767,64895,2,36,,0,2,2.0,1.0,1.0,1.0,1,1.0986122886681098,medium,False,False,False
22901,65522,2,11,61591.0,1,1,2.0,0.6666666666666666,1.0,1.0,2,0.7324081924454064,low,False,False,False
22995,66716,2,21,,0,2,2.0,1.0,1.0,1.0,1,1.0986122886681098,medium,False,False,False
23329,67803,2,18,,0,2,2.0,1.0,1.0,1.0,1,1.0986122886681098,medium,False,False,False
23366,67454,2,17,,0,2,2.0,1.0,1.0,1.0,1,1.0986122886681098,medium,False,False,False
23429,68109,2,6,,0,2,2.0,1.0,1.0,1.0,1,1.0986122886681098,medium,False,False,False
23435,68302,2,27,,0,2,2.0,1.0,1.0,1.0,1,1.0986122886681098,medium,False,False,False
23481,68069,2,16,,0,2,2.0,1.0,1.0,1.0,1,1.0986122886681098,medium,False,False,False
23482,68087,2,11,,0,2,2.0,1.0,1.0,1.0,1,1.0986122886681098,medium,False,False,False
23486,67094,2,7,,0,2,2.0,1.0,1.0,1.0,1,1.0986122886681098,medium,False,False,False
23663,62668,2,18,,0,2,2.0,1.0,1.0,1.0,1,1.0986122886681098,medium,False,False,False
23675,69592,2,35,,0,2,2.0,1.0,1.0,1.0,1,1.0986122886681098,medium,False,False,False
23677,69500,2,18,,0,2,2.0,1.0,1.0,1.0,1,1.0986122886681098,medium,False,False,False
23755,69393,2,19,,0,2,2.0,1.0,1.0,1.0,1,1.0986122886681098,medium,False,False,False
23836,69809,2,32,,0,2,2.0,1.0,1.0,1.0,1,1.0986122886681098,medium,False,False,False
23837,69805,2,24,,0,2,2.0,1.0,1.0,1.0,1,1.0986122886681098,medium,False,False,False
23890,50507,2,39,,0,2,2.0,1.0,1.0,1.0,1,1.0986122886681098,medium,False,False,False
23995,50096,2,13,,0,2,2.0,1.0,1.0,1.0,1,1.0986122886681098,medium,False,False,False
24061,51805,2,17,,0,2,2.0,1.0,1.0,1.0,1,1.0986122886681098,medium,False,False,False
24066,51466,2,24,,0,2,2.0,1.0,1.0,1.0,1,1.0986122886681098,medium,False,False,False
24093,51305,2,27,,0,2,2.0,1.0,1.0,1.0,1,1.0986122886681098,medium,False,False,False
24114,51205,2,22,,0,2,2.0,1.0,1.0,1.0,1,1.0986122886681098,medium,False,False,False
24119,51640,2,21,,0,2,2.0,1.0,1.0,1.0,1,1.0986122886681098,medium,False,False,False
24120,51605,2,32,,0,2,2.0,1.0,1.0,1.0,1,1.0986122886681098,medium,False,False,False
24124,51604,2,4,,0,2,2.0,1.0,1.0,1.0,1,1.0986122886681098,medium,False,False,False
24176,52807,2,19,,0,2,2.0,1.0,1.0,1.0,1,1.0986122886681098,medium,False,False,False
24219,52514,2,20,,0,2,2.0,1.0,1.0,1.0,1,1.0986122886681098,medium,False,False,False
24225,52267,2,23,,0,2,2.0,1.0,1.0,1.0,1,1.0986122886681098,medium,False,False,False
24287,52628,2,35,,0,2,2.0,1.0,1.0,1.0,1,1.0986122886681098,medium,False,False,False
24336,53205,2,25,,0,2,2.0,1.0,1.0,1.0,1,1.0986122886681098,medium,False,False,False
24390,53659,2,35,,0,2,2.0,1.0,1.0,1.0,1,1.0986122886681098,medium,False,False,False
24407,53307,2,17,,0,2,2.0,1.0,1.0,1.0,1,1.0986122886681098,medium,False,False,False
24470,54567,2,7,,0,2,2.0,1.0,1.0,1.0,1,1.0986122886681098,medium,False,False,False
24472,54512,2,19,,0,2,2.0,1.0,1.0,1.0,1,1.0986122886681098,medium,False,False,False
24476,54509,2,13,,0,2,2.0,1.0,1.0,1.0,1,1.0986122886681098,medium,False,False,False
24584,54595,2,19,,0,2,2.0,1.0,0.6666666666666666,1.0,1,0.7324081924454064,low,False,False,False
24594,54411,2,27,,0,2,2.0,1.0,1.0,1.0,1,1.0986122886681098,medium,False,False,False
24603,54614,2,15,,0,2,2.0,1.0,1.0,1.0,1,1.0986122886681098,medium,False,False,False
24620,54123,2,27,,0,2,2.0,1.0,1.0,1.0,1,1.0986122886681098,medium,False,False,False
22322,61360,1,20,,0,1,1.0,1.0,1.0,1.0,1,0.6931471805599453,low,False,False,False
22621,63960,1,3,,0,1,1.0,1.0,1.0,1.0,1,0.6931471805599453,low,False,False,False
22720,64001,1,6,,0,1,1.0,1.0,1.0,1.0,1,0.6931471805599453,low,False,False,False
23008,66410,1,3,,0,1,1.0,1.0,1.0,1.0,1,0.6931471805599453,low,False,False,False
23095,64898,1,8,,0,1,1.0,1.0,1.0,1.0,1,0.6931471805599453,low,False,False,False
23187,66207,1,14,,0,1,1.0,1.0,1.0,1.0,1,0.6931471805599453,low,False,False,False
23189,66504,1,5,,0,1,1.0,1.0,1.0,1.0,1,0.6931471805599453,low,False,False,False
23225,67119,1,4,,0,1,1.0,1.0,1.0,1.0,1,0.6931471805599453,low,False,False,False
23250,67206,1,2,,0,1,1.0,1.0,1.0,1.0,1,0.6931471805599453,low,False,False,False
23266,67991,1,9,,0,1,1.0,1.0,1.0,1.0,1,0.6931471805599453,low,False,False,False
23309,67611,1,5,,0,1,1.0,1.0,1.0,1.0,1,0.6931471805599453,low,False,False,False
23346,61591,1,3,,0,1,1.0,1.0,0.5,1.0,1,0.34657359027997264,low,False,False,False
23358,67563,1,17,,0,1,1.0,1.0,1.0,1.0,1,0.6931471805599453,low,False,False,False
23373,67412,1,4,,0,1,1.0,1.0,1.0,1.0,1,0.6931471805599453,low,False,False,False
23377,67405,1,4,,0,1,1.0,1.0,1.0,1.0,1,0.6931471805599453,low,False,False,False
23401,67016,1,13,,0,1,1.0,1.0,1.0,1.0,1,0.6931471805599453,low,False,False,False
23450,68304,1,8,,0,1,1.0,1.0,1.0,1.0,1,0.6931471805599453,low,False,False,False
23455,68556,1,2,,0,1,1.0,1.0,1.0,1.0,1,0.6931471805599453,low,False,False,False
23574,68701,1,3,,0,1,1.0,1.0,1.0,1.0,1,0.6931471805599453,low,False,False,False
23657,69627,1,5,,0,1,1.0,1.0,1.0,1.0,1,0.6931471805599453,low,False,False,False
23658,69628,1,9,,0,1,1.0,1.0,1.0,1.0,1,0.6931471805599453,low,False,False,False
23666,64602,1,14,,0,1,1.0,1.0,1.0,1.0,1,0.6931471805599453,low,False,False,False
23683,69512,1,4,,0,1,1.0,1.0,1.0,1.0,1,0.6931471805599453,low,False,False,False
23732,69214,1,15,,0,1,1.0,1.0,1.0,1.0,1,0.6931471805599453,low,False,False,False
23746,69394,1,18,,0,1,1.0,1.0,1.0,1.0,1,0.6931471805599453,low,False,False,False
23791,69055,1,22,,0,1,1.0,1.0,1.0,1.0,1,0.6931471805599453,low,False,False,False
23851,50116,1,9,,0,1,1.0,1.0,1.0,1.0,1,0.6931471805599453,low,False,False,False
23877,50414,1,4,,0,1,1.0,1.0,1.0,1.0,1,0.6931471805599453,low,False,False,False
23907,50816,1,6,,0,1,1.0,1.0,1.0,1.0,1,0.6931471805599453,low,False,False,False
23912,50818,1,3,,0,1,1.0,1.0,1.0,1.0,1,0.6931471805599453,low,False,False,False
23958,50209,1,6,,0,1,1.0,1.0,1.0,1.0,1,0.6931471805599453,low,False,False,False
23983,50394,1,26,,0,1,1.0,1.0,1.0,1.0,1,0.6931471805599453,low,False,False,False
23993,50093,1,13,,0,1,1.0,1.0,1.0,1.0,1,0.6931471805599453,low,False,False,False
24033,51008,1,10,,0,1,1.0,1.0,1.0,1.0,1,0.6931471805599453,low,False,False,False
24058,51803,1,5,,0,1,1.0,1.0,1.0,1.0,1,0.6931471805599453,low,False,False,False
24067,51468,1,17,,0,1,1.0,1.0,1.0,1.0,1,0.6931471805599453,low,False,False,False
24082,51903,1,8,,0,1,1.0,1.0,1.0,1.0,1,0.6931471805599453,low,False,False,False
24092,51304,1,6,,0,1,1.0,1.0,1.0,1.0,1,0.6931471805599453,low,False,False,False
24122,51603,1,19,,0,1,1.0,1.0,1.0,1.0,1,0.6931471805599453,low,False,False,False
24142,51708,1,7,,0,1,1.0,1.0,1.0,1.0,1,0.6931471805599453,low,False,False,False
24162,52124,1,6,,0,1,1.0,1.0,1.0,1.0,1,0.6931471805599453,low,False,False,False
24174,52805,1,15,,0,1,1.0,1.0,1.0,1.0,1,0.6931471805599453,low,False,False,False
24186,52398,1,9,,0,1,1.0,1.0,1.0,1.0,1,0.6931471805599453,low,False,False,False
24227,52294,1,8,,0,1,1.0,1.0,1.0,1.0,1,0.6931471805599453,low,False,False,False
24230,52210,1,7,,0,1,1.0,1.0,1.0,1.0,1,0.6931471805599453,low,False,False,False
24243,52765,1,8,,0,1,1.0,1.0,1.0,1.0,1,0.6931471805599453,low,False,False,False
24266,52667,1,14,,0,1,1.0,1.0,1.0,1.0,1,0.6931471805599453,low,False,False,False
24290,52634,1,15,,0,1,1.0,1.0,1.0,1.0,1,0.6931471805599453,low,False,False,False
24325,53990,1,6,,0,1,1.0,1.0,1.0,1.0,1,0.6931471805599453,low,False,False,False
24362,53705,1,8,,0,1,1.0,1.0,1.0,1.0,1,0.6931471805599453,low,False,False,False
24366,53710,1,1,,0,1,1.0,1.0,1.0,1.0,1,0.6931471805599453,low,False,False,False
24368,53715,1,3,,0,1,1.0,1.0,1.0,1.0,1,0.6931471805599453,low,False,False,False
24381,53598,1,5,,0,1,1.0,1.0,1.0,1.0,1,0.6931471805599453,low,False,False,False
24382,53505,1,2,,0,1,1.0,1.0,1.0,1.0,1,0.6931471805599453,low,False,False,False
24386,53597,1,12,,0,1,1.0,1.0,1.0,1.0,1,0.6931471805599453,low,False,False,False
24396,53618,1,15,,0,1,1.0,1.0,1.0,1.0,1,0.6931471805599453,low,False,False,False
24397,53619,1,15,,0,1,1.0,1.0,1.0,1.0,1,0.6931471805599453,low,False,False,False
24408,53308,1,28,,0,1,1.0,1.0,1.0,1.0,1,0.6931471805599453,low,False,False,False
24416,53460,1,11,,0,1,1.0,1.0,1.0,1.0,1,0.6931471805599453,low,False,False,False
24421,53416,1,3,,0,1,1.0,1.0,1.0,1.0,1,0.6931471805599453,low,False,False,False
24457,53611,1,14,,0,1,1.0,1.0,1.0,1.0,1,0.6931471805599453,low,False,False,False
24458,53610,1,16,,0,1,1.0,1.0,1.0,1.0,1,0.6931471805599453,low,False,False,False
24474,54511,1,10,,0,1,1.0,1.0,1.0,1.0,1,0.6931471805599453,low,False,False,False
24558,54708,1,4,,0,1,1.0,1.0,1.0,1.0,1,0.6931471805599453,low,False,False,False
24562,54644,1,14,,0,1,1.0,1.0,1.0,1.0,1,0.6931471805599453,low,False,False,False
24588,54510,1,8,54595.0,1,0,1.0,0.5,1.0,1.0,2,0.34657359027997264,low,False,False,False
24595,54410,1,7,,0,1,1.0,1.0,1.0,1.0,1,0.6931471805599453,low,False,False,False
24616,54097,1,19,,0,1,1.0,1.0,1.0,1.0,1,0.6931471805599453,low,False,False,False
